<?xml version="1.0" encoding="UTF-8"?>
<?xml-stylesheet href="./css/question2.css"?>
<biblioteca>
    <libro>
        <titulo>La vida esta en otra parte</titulo>
        <autor>Milan kundera</autor>
        <fecha>1973</fecha>
    </libro>
    <libro>
        <titulo>Pantaleón y las visitadoras</titulo>
        <autor>Mario Vargas Llosa</autor>
        <fecha>1973</fecha>
    </libro>
    <libro>
        <titulo>Conversación en la catedral</titulo>
        <autor>Mario Vargas Llosa</autor>
        <fecha>1969</fecha>
    </libro>
</biblioteca>